timestamp,text,source,url,author,like_count,retweet_count,reply_count,quote_count,lang,coin,id,sentiment,price
2025-07-18 18:52:58,Only the strong reach the summit. Only the wise HODL #Bitcoin https://t.co/VBoDweqYqu,twitter,https://x.com/TheBitcoin__/status/1946282061045604619,TheBitcoin__,743,276,31,7,en,btc,1946282061045604619,0.7579,117500.17858594736
2025-08-15 04:02:32,"El dinero tambi√©n evoluciona. ü¶ã

El oro rein√≥ durante siglos. El fiat lo desplaz√≥.
Y ahora Bitcoin est√° ganando la carrera.

En esta ‚Äúselecci√≥n natural del dinero‚Äù no todos sobreviven‚Ä¶ ni todas las personas se adaptan. ‚ö°
#Bitcoin https://t.co/FlLZyepdop",twitter,https://x.com/bitacorabitcoin/status/1956204835914834129,bitacorabitcoin,6,2,1,1,es,btc,1956204835914834129,0.0772,119049.72027859472
2025-08-15 11:42:00,"Quick $BTC update after that dump caused by the PPI miss.

We just had a new ATH, but it ended up being a trap, a classic liquidity sweep.

From here, I expect some sideways action around $117K, which lines up perfectly with key support and the 0.618 golden ratio. https://t.co/g9l7eRWgn7",twitter,https://x.com/CryptosBatman/status/1956320465787793721,CryptosBatman,228,56,36,0,en,btc,1956320465787793721,0.743,119094.80293447574
2025-08-15 11:48:59,"üö® $BTC hit $124,000 yesterday!

As promised, I will pick 5 random comments,
To win $2,500 in Bitcoin under this post. üëá

Like, repost and follow me to join.

p.s.: turn NOTIS ON to not miss the results. https://t.co/rzY9VwtRlX",twitter,https://x.com/Leo107111/status/1956322222336799008,Leo107111,161,146,117,0,en,btc,1956322222336799008,0.8942,119094.80293447574
2025-08-15 12:36:00,"My targets for the end of the year:

BTC to $150K

ETH to $10K

SOL to $1K.

Too high or too low? üßê",twitter,https://x.com/AltcoinGordon/status/1956334057098219703,AltcoinGordon,1396,105,527,9,en,btc,1956334057098219703,-0.2732,118775.09135434592
2025-08-15 12:39:21,"&gt; Comes from a well-off family
&gt; Still used ST Reservation
&gt; Got 45,000 scholarship every year
&gt; Invested that money in bitcoin
&gt; Got 1000% return

This is what‚Äôs happening in the name of social justice.

People in designer clothes are stealing benefits meant for poor. https://t.co/rwQPZe88lM",twitter,https://x.com/talk2anuradha/status/1956334898249191685,talk2anuradha,12322,3208,350,141,en,btc,1956334898249191685,-0.2023,118775.09135434592
2025-08-15 12:54:06,"They say they don‚Äôt buy Bitcoin because they ‚Äòdon‚Äôt understand it.‚Äô

But they buy:
‚Äì Stocks in random companies 
‚Äì Gold and it‚Äôs not even a limited asset
‚Äì Index funds with companies they don‚Äôt know

It‚Äôs not about understanding.
It‚Äôs about priorities. https://t.co/FiWcXWDFTj",twitter,https://x.com/Bitcoin_Teej/status/1956338611181191570,Bitcoin_Teej,160,22,10,1,en,btc,1956338611181191570,-0.1695,118775.09135434592
2025-08-15 13:10:57,"üìâ Less time staring at charts.
üîá Less noise from the market.
üìà More focused, profitable trades.

That‚Äôs the power of the MEXC AI Bot ü§ñ ‚Äî your 24/7 market scout that spots opportunities before the crowd. üöÄ
Don‚Äôt just trade‚Ä¶ trade smarter.

üîó https://t.co/hNxkgvF5FR
#AI https://t.co/guVyiFs8R6",twitter,https://x.com/CryptoAs_TW/status/1956342850112921999,CryptoAs_TW,675,66,30,0,en,btc,1956342850112921999,0.8927,118775.09135434592
2025-08-15 13:16:39,"BITCOIN WILL SURPASS GOLD!!

Price needed for $BTC: $1.2 mln! 

Here is why üëá [like &amp; share] https://t.co/Lb0tJphhjk",twitter,https://x.com/MMCrypto/status/1956344284493595119,MMCrypto,798,108,163,3,en,btc,1956344284493595119,0.0,118775.09135434592
2025-08-15 13:19:46,"1/ NEWS: The new Core app for @Ledger devices, downloaded through Ledger Live, now lets you Clear Sign Bitcoin timelock transactions directly from Ledger devices. üî∂

Here's how. üëá https://t.co/FR1F3MMPE9",twitter,https://x.com/Coredao_Org/status/1956345070812377283,Coredao_Org,585,285,169,66,en,btc,1956345070812377283,0.3818,118775.09135434592
2025-08-15 13:42:32,"‚ö° Speed wins.
From question ‚Üí trade setup in just 15 seconds ‚Äî that‚Äôs the MEXC AI Bot advantage. ü§ñüí®

Your next alpha? It could be just one chat away. üöÄ
Don‚Äôt wait ‚Äî trade at the speed of opportunity.

üîó https://t.co/D0KY5rGCQH
#MEXC #AIBot #CryptoTrading #TradeSmarter https://t.co/DJ3HVgLlkT",twitter,https://x.com/CryptoJakson/status/1956350797727613099,CryptoJakson,978,142,82,0,en,btc,1956350797727613099,0.8176,117912.9386681652
2025-08-15 13:50:26,"üö® üö® üö® üö® üö® üö® üö® üö® üö® üö® 643f...78b9 bought 0.20000046 BTC ($23,697) of DOG‚Ä¢GO‚Ä¢TO‚Ä¢THE‚Ä¢MOON using Sats Terminal via @MagicEden , earning 22,000 Amber https://t.co/fVezIMz5Uk",twitter,https://x.com/SatsTerminal/status/1956352786289041672,SatsTerminal,303,72,30,5,en,btc,1956352786289041672,0.0,117912.9386681652
2025-08-15 14:35:48,I JUST BOUGHT MORE MSTR. https://t.co/Jtm39gW8Sg,twitter,https://x.com/TheBTCTherapist/status/1956364203431711215,TheBTCTherapist,892,125,139,3,en,btc,1956364203431711215,0.0,117387.54999240849
2025-08-15 15:09:24,"LIKE, IF YOU ARE NOT SELLING #BITCOIN https://t.co/RcTyDF5ZkU",twitter,https://x.com/Vivek4real_/status/1956372659463442519,Vivek4real_,2613,163,267,15,en,btc,1956372659463442519,0.4995,117387.54999240849
2025-08-15 15:15:00,"üü† $1,000 BITCOIN GIVEAWAY! üü†

To celebrate Bitcoin‚Äôs recent run, we‚Äôre giving 20 winners a share of $1,000 in $BTC! üìà

1‚É£ Follow @Duelbits &amp; @BitcoinMagazine
2‚É£ Like &amp; Repost
3‚É£ Tag a Bitcoin holder üíé

Winners announced at any time! https://t.co/db3hQvRIA0",twitter,https://x.com/Duelbits/status/1956374069940752827,Duelbits,8002,8337,8140,25,en,btc,1956374069940752827,0.9507,117387.54999240849
2025-08-15 15:38:44,The quadrant of ATHs. #Bitcoin https://t.co/CaJWzIJNUc,twitter,https://x.com/therationalroot/status/1956380041061056915,therationalroot,1800,305,78,13,en,btc,1956380041061056915,0.0,117367.4347951849
2025-08-15 16:00:25,"Kaspa is the fastest asset in the worlds history to reach a 1 billion dollar market cap from 0.

While it lost its 1B record, Bitcoin currently still holds the record for a 1 trillion dollar market cap. For Kaspa to be the fastest asset in the world to reach both a 1 billion and https://t.co/y2YArzJc3V",twitter,https://x.com/christi61026749/status/1956385500303896691,christi61026749,542,153,58,17,en,btc,1956385500303896691,0.4404,117367.4347951849
2025-08-15 16:14:44,"Drop your #BTC  address üëá

I will send you $12,000 in 24h‚ù§
(Yes for real )

RT and Followüî• https://t.co/pz2gdrfYJR",twitter,https://x.com/crypto_king34/status/1956389100862283889,crypto_king34,247,216,233,3,en,btc,1956389100862283889,-0.2732,117367.4347951849
2025-08-15 16:17:00,"üáßüá¨ BULGARIA SOLD 213,500 #BITCOIN IN 2017.
AT TODAY‚ÄôS PRICE, IT COULD HAVE WIPED OUT THEIR ENTIRE NATIONAL DEBTü§Ø

THEY MISSED ITüöÄ https://t.co/RygohpMWJp",twitter,https://x.com/saylordocs/status/1956389671950590237,saylordocs,9303,1021,266,69,en,btc,1956389671950590237,-0.4466,117367.4347951849
2025-08-15 16:22:20,Trump has called Norwegian officials to tell them he wants the Nobel Peace Prize while threatening to tariff the country. https://t.co/1GNRbn51it,twitter,https://x.com/NoLieWithBTC/status/1956391014408876394,NoLieWithBTC,86875,9396,4025,1258,en,btc,1956391014408876394,0.5267,117367.4347951849
2025-08-15 16:28:16,"üìà Markets move fast. Data never stops.
The MEXC AI Bot turns the chaos into clear, actionable signals ‚Äî in real time. ‚ö°

This is how smart traders stay ahead, adapt, and win. üöÄ
Don‚Äôt get left behind ‚Äî let the bot guide your next move.

üîó https://t.co/WXYhFz13hz
#MEXC #AIBot https://t.co/ZDPHR7jb0G",twitter,https://x.com/Crypto_Vertex1/status/1956392509564957134,Crypto_Vertex1,653,72,36,0,en,btc,1956392509564957134,0.7044,117367.4347951849
2025-08-15 16:31:53,"$BTC goes down $500

Alts be like https://t.co/NhMuAP2TLg",twitter,https://x.com/WazzCrypto/status/1956393419674391006,WazzCrypto,211,16,16,3,en,btc,1956393419674391006,0.3612,117407.49931529992
2025-08-15 16:58:21,"NEW: Saylor says ‚ÄúThe road is now clear for Bitcoin and banking‚Äù after the Fed ends its novel activities supervision program. 

Bitcoin and fintech will now be treated as standard banking activity, the starting gun for capital at scale. https://t.co/bzeXWifXhC",twitter,https://x.com/BitcoinNewsCom/status/1956400079239020770,BitcoinNewsCom,218,55,27,2,en,btc,1956400079239020770,0.3612,117407.49931529992
2025-08-15 17:30:39,"ü§ñüìä Ready to trade smarter?
MEXC AI helps you spot trending coins, read market signals &amp; make better decisions ‚Äî all in one chat.
üöÄ Let AI hunt alpha for you: https://t.co/wRTeM1Ofbo
#MEXC #AITrading https://t.co/1t2VxB0xeL",twitter,https://x.com/belufrancese/status/1956408208383176789,belufrancese,1307,390,88,0,en,btc,1956408208383176789,0.875,117407.49931529992
2025-08-15 17:31:41,"‚ö° MEXC AI = Your edge in the market ü§ñ
Find gems early, catch market moves, trade smoothly.
üí¨ Just chat with AI &amp; get answers instantly.
Get started today: https://t.co/2PdhND3can
#MEXC #AITrading https://t.co/CNE4WpkOY4",twitter,https://x.com/MonikaSmith_/status/1956408467037540640,MonikaSmith_,400,170,28,0,en,btc,1956408467037540640,0.0,117670.62799352725
2025-08-15 18:01:08,"Hal Finney sent this email days after #Bitcoin was created.

When he wrote this, Bitcoin cost $0. https://t.co/YMSoLQ6vgl",twitter,https://x.com/BitcoinNews21M/status/1956415877357994281,BitcoinNews21M,1337,244,43,12,en,btc,1956415877357994281,0.25,117670.62799352725
2025-08-15 18:21:58,"When you realize $DOG runs on the same blockchain as Bitcoin‚Ä¶ but is way cuter üê∂üöÄ

That being said.... You want giant $DOG candles? You gotta find your way to the $DOG house first. 

Fun Bitcoin Fact:
The very first real-world Bitcoin purchase was two pizzas in 2010, they cost https://t.co/sTtFWXBIpf",twitter,https://x.com/DogOfBitcoin/status/1956421119977676916,DogOfBitcoin,229,69,14,4,en,btc,1956421119977676916,0.8847,117670.62799352725
2025-08-15 18:31:37,"manifesting all time highs

- BTC to $500,000
- ETH to $80,000
- SOL to $1,000 https://t.co/ag1Dqg7JRN",twitter,https://x.com/3orovik/status/1956423549985697817,3orovik,288,33,121,4,en,btc,1956423549985697817,0.0,117219.33341108754
2025-08-15 18:49:10,"üö®ALTCOIN SEASON TO START IN SEPTEMBER?

Coinbase Institutional says September could mark the start of a major altcoin rally ‚Äî driven by falling Bitcoin dominance, improving liquidity, and renewed investor risk appetite.

Is the next big rotation just weeks away? üî•",twitter,https://x.com/coinbureau/status/1956427964520005835,coinbureau,1560,229,182,28,en,btc,1956427964520005835,0.3094,117219.33341108754
2025-08-15 19:19:56,"When you can answer this.. üëáüèΩ

‚ÄúWHY won‚Äôt #Trump , the SEC, Media, Banks, various Politians and other BIG MONEY mention üó£Ô∏è $XRP like they do $ETH , $BTC &amp; other #Crypto..‚ÅâÔ∏è‚Äù

Then, you TRULY get it!! $XRP / $XRPL üåéüîó https://t.co/LFHpmitYNG",twitter,https://x.com/james_six8jay/status/1956435708576735425,james_six8jay,938,167,123,8,en,btc,1956435708576735425,0.7729,117219.33341108754
2025-08-15 20:12:51,"Many want an L1 Satoshi system that can be used as everyday money.

$BTC $KAS https://t.co/Y6t0quhkX1",twitter,https://x.com/christi61026749/status/1956449025709973572,christi61026749,339,72,19,6,en,btc,1956449025709973572,0.0772,117000.41118669232
2025-08-15 20:25:00,"Binance founder CZ predicts Bitcoin will reach between $500,000 and $1,000,000 this cycle. https://t.co/D3PfByP4Jr",twitter,https://x.com/BTCjunkies/status/1956452084598948016,BTCjunkies,5614,974,446,51,en,btc,1956452084598948016,0.0258,117000.41118669232
2025-08-15 20:52:09,"How it feels when you bought #Bitcoin 5 years ago and you‚Äôre unemployed on a Friday 
 https://t.co/3LCpQL4Cta",twitter,https://x.com/ronin21btc/status/1956458914079211716,ronin21btc,1482,125,51,5,en,btc,1956458914079211716,0.0,117371.50148995162
2025-08-15 21:00:45,"""If #Bitcoin goes to a Million, it's going to $10 Million, it's going to $100 Million, it's going to look like a Zimbabwe note of 100 Trillion units"" 
- Preston Pysh https://t.co/8iU3F25blP",twitter,https://x.com/BoldBitcoin/status/1956461080940564819,BoldBitcoin,483,66,9,4,en,btc,1956461080940564819,0.3612,117371.50148995162
2025-08-15 21:15:08,me or a bitcoin? https://t.co/utz15YdoPl,twitter,https://x.com/AmiKTrue/status/1956464698297401458,AmiKTrue,17677,350,701,22,en,btc,1956464698297401458,0.0,117371.50148995162
2025-08-15 23:00:00,"NEW: $2 trillion Japanese asset manager Mizuho Group reconfirms Buy rating on #Bitcoin treasury company Strategy ($MSTR)

Price target: $586 (up from $563) üî• https://t.co/VTzleCM0MS",twitter,https://x.com/BTCtreasuries/status/1956491090774970611,BTCtreasuries,748,150,10,8,en,btc,1956491090774970611,0.5106,117805.2119591624
2025-08-15 23:13:48,"JUST IN: üá∫üá∏üá∑üá∫ President Trump and President Putin shake hands, as #Bitcoin sits around $117,000 https://t.co/JN8lUJ6o2M",twitter,https://x.com/BTCTN/status/1956494562932781268,BTCTN,343,80,47,2,en,btc,1956494562932781268,-0.1779,117805.2119591624
2025-08-15 23:30:12,"Michael Saylor says, ‚ÄúYou‚Äôve got 10 years for the digital gold rush, you should get your #Bitcoin before there‚Äôs no more Bitcoin for you.‚Äù ü§Ø https://t.co/YYrasYXUhJ",twitter,https://x.com/saylordocs/status/1956498692677980430,saylordocs,630,117,23,3,en,btc,1956498692677980430,-0.296,117805.2119591624
2025-08-16 00:57:17,"BTC is booming on Sui.

In July, BTC assets made up 20%+ of Sui‚Äôs TVL - and nearly 5% of spot volume, a record high.

wBTC, LBTC, stBTC, xBTC, TBTC, WBTC, SATLBTC‚Ä¶Sui‚Äôs got them all. https://t.co/bFSRIAgSsr",twitter,https://x.com/SuiNetwork/status/1956520604305436949,SuiNetwork,1034,181,107,30,en,btc,1956520604305436949,0.1779,117800.72549274012
2025-08-16 01:15:43,"IS SAYLOR GIVING US A WARNING?

Last time he tweeted this exact phrase, $BTC went on to enter a downtrend and dropped almost -30%.

What do you think? https://t.co/Engt7x7xVS",twitter,https://x.com/StackerSatoshi/status/1956525244098772996,StackerSatoshi,2921,353,446,44,en,btc,1956525244098772996,0.0,117800.72549274012
2025-08-16 01:31:24,#BITCOIN &amp; $ETH TRADES ADD MORE ON THE DIP $btc https://t.co/ztZwjaCG5w,twitter,https://x.com/Jamyies/status/1956529193573069278,Jamyies,131,43,47,0,en,btc,1956529193573069278,0.0,117800.72549274012
2025-08-16 05:41:17,"üá∫üá∏ President Trump calls #Bitcoin ""amazing"" and says it's producing a lot of jobs. https://t.co/XmhyciIA4b",twitter,https://x.com/BitcoinNews21M/status/1956592078407848163,BitcoinNews21M,426,87,6,0,en,btc,1956592078407848163,0.0,117696.32142573298
2025-08-16 06:33:11,"Trending this week on #OKX:

‚ùáÔ∏è Announced: Strategic upgrade to XLayer
‚ùáÔ∏è Optimised: $OKB gas-token economic model
‚ùáÔ∏è Celebrated: $BTC new ATHs https://t.co/6eoO0Jec9E",twitter,https://x.com/okx/status/1956605137935384627,okx,300,62,140,12,en,btc,1956605137935384627,0.7506,117696.32142573298
2025-08-16 07:05:29,"‚ÄúI am confident that it is going to hit $1 million.‚Äù 

-Eric Trump on #Bitcoin https://t.co/tUR3hVfLu0",twitter,https://x.com/BitcoinNews21M/status/1956613266236461324,BitcoinNews21M,1449,269,68,8,en,btc,1956613266236461324,0.4939,117451.02331171712
2025-08-16 08:29:54,"Wait ‚ÄºÔ∏è‚ö†Ô∏è
Don‚Äôt scroll pass if you like being EARLY‚úÖ

Mining $BTC is too complex &amp; expensive that only one out of 10 million people singly own a btc mining farm.

@inspectxyz has turned the narrative aroundüîÄ. Inspect gives you the opportunity to mine $TAO with your mobile https://t.co/40CuIX6Gfn",twitter,https://x.com/nosinglefuck/status/1956634512311386349,nosinglefuck,390,112,182,17,en,btc,1956634512311386349,0.6486,117663.7924554054
2025-08-16 08:40:51,"$BTC has been going sideways for almost 6 weeks now.

Meanwhile, Bitcoin dominance has gone down nearly 10%.

This is what happens when BTC goes sideways after hitting a new ATH.

Alts catch some bids, and they pump for a few weeks.

Now, I want a new ATH for BTC in Q3.

This'll https://t.co/RmfhVH7RlA",twitter,https://x.com/Zynweb3/status/1956637267776217263,Zynweb3,311,73,155,6,en,btc,1956637267776217263,0.2732,117657.13593094652
2025-08-16 08:57:10,"for lucky 4 people 
$15,000 #Bitcoin‚ÄØ‚ÄØ‚ÄØ‚ÄØ‚ÄØ‚ÄØ‚ÄØ‚ÄØ‚ÄØ

Like

Follow

RT https://t.co/0LYe1mRq03",twitter,https://x.com/crypto_pump00/status/1956641374431859040,crypto_pump00,212,163,139,0,en,btc,1956641374431859040,0.6486,117657.13593094652
2025-08-16 09:02:08,"I'M OFFICIALLY A $BTC BILLIONAIRE! üôè

As I promised, I want to change someone‚Äôs life‚Äîgiving away 1 #Bitcoin (~$115,000) to one lucky winner by tomorrow!

Like, RT, follow @cryptoemperor06  and comment 'DONE' to enter.

Winner announced in 48h! üöÄ https://t.co/QPCRXXAD9R",twitter,https://x.com/Cryptoemperor06/status/1956642624481145107,Cryptoemperor06,301,224,234,3,en,btc,1956642624481145107,0.9483,117657.13593094652
2025-08-16 09:06:55,"üèÜ@EnzioSantos x @TatsukionETH üèÜ

2 GTD SPOT, 7 FCFS FREE MINT 
https://t.co/qkABlY0uww

Giveaway Requirements:

1‚É£ Follow @TatsukionETH + @EnzioSantos
2‚É£ Like + RT
3‚É£ Drop you @ethereum wallet. https://t.co/5cJ2w9IxbN",twitter,https://x.com/EnzioSantos/status/1956643827768287353,EnzioSantos,198,245,237,1,en,btc,1956643827768287353,0.6633,117657.13593094652
2025-08-16 09:57:06,"BTC on BOB is just called BTC. Like ETH on Optimism is just ETH. How?

Study BOB's BitVM bridge ‚Üí https://t.co/jQl6St40Oe https://t.co/pFn7VaNRe7",twitter,https://x.com/build_on_bob/status/1956656454812996054,build_on_bob,268,44,101,39,en,btc,1956656454812996054,0.7184,117411.10125498685
2025-08-16 10:00:13,"Single-Step Transfer Feature Now on UniSat Extension Wallet (v1.7.2)!

Send brc-20 assets on Fractal @fractal_bitcoin in ONE seamless step.

‚ùå Old way: Inscribe transfer ‚Üí Send brc-20‚Üí Repeat 
‚úÖ New way: Just select Single-Step Transfer, send brc-20 in ONE STEP!

Switch to https://t.co/JQBSBhv3O6",twitter,https://x.com/unisat_wallet/status/1956657238145393038,unisat_wallet,95,17,17,11,en,btc,1956657238145393038,0.3147,117411.10125498685
2025-08-16 10:13:33,"My targets for the end of the year:

$BTC $150K
$ETH $10K
$SOL $750
$XRP $10
$HYPE $120
$PENGU $1
#FARTCOIN $5

MONSTER rally is coming soon. https://t.co/QhD8cfVfgV",twitter,https://x.com/ardizor/status/1956660594733425036,ardizor,823,224,92,8,en,btc,1956660594733425036,0.0,117411.10125498685
2025-08-16 11:00:00,"üî•METAPLANET BITCOIN TORQUEüî•

I am more GIGA-BULLISH than EVER on Metaplanet.

If you aren't, you simply don't understand the potential for BITCOIN TORQUE on the PREFERRED OFFERINGS on the way.

Luckily for you, CLASS IS IN SESSION.

Repost + share it around to further trigger https://t.co/0gQm8eisDc",twitter,https://x.com/AdamBLiv/status/1956672286045438028,AdamBLiv,380,75,32,4,en,btc,1956672286045438028,0.6705,117466.55165291626
2025-08-16 11:27:38,"WHILE YOU'RE SCARED, TOM LEE SAYS #BITCOIN IS STILL GOING TO $250,000 THIS YEAR üöÄ

IT‚ÄôS COMING!!! https://t.co/kVhYn2TbcK",twitter,https://x.com/Vivek4real_/status/1956679239362625862,Vivek4real_,2394,381,154,13,en,btc,1956679239362625862,-0.6714,117466.55165291626
2025-08-16 11:30:50,"gBOB CT, did you know that‚Ä¶ü§î

Bitcoin is the largest asset in crypto, but when it comes to DeFi, it‚Äôs still a mess.

If you‚Äôve ever tried putting $BTC to work, you‚Äôve probably noticed the problems: wrapped tokens that add new risks, centralized custodians that defeat the https://t.co/4a2G4GkVmq",twitter,https://x.com/BenDeFiX_/status/1956680045671375231,BenDeFiX_,652,163,195,0,en,btc,1956680045671375231,-0.9136,117466.55165291626
2025-08-16 12:53:43,"""Soon every billionaire will buy a billion dollars of #Bitcoin and the supply shock will be so great that we will stop measuring BTC in terms of fiat.""

-Michael Saylor https://t.co/MIgBPnr9bM",twitter,https://x.com/Saylor_Archive/status/1956700900921168185,Saylor_Archive,448,80,25,4,en,btc,1956700900921168185,0.3488,117816.83364875686
2025-08-16 13:00:02,"Bitcoin Cycle Chart - Top Price Model

Shows $200k in December 2025

Chart by @The_JDK99 https://t.co/H6b2Rum42J",twitter,https://x.com/ColinTCrypto/status/1956702493087527008,ColinTCrypto,464,67,30,6,en,btc,1956702493087527008,0.2023,117816.83364875686
2025-08-16 13:17:39,"MICHAEL SAYLOR SAYS, ""#BITCOIN WILL SURGE TO $180,000, CRASH TO $140,000, AND PEOPLE WILL FREAK OUT AGAIN.""

IT'S COMING!!! https://t.co/OCjVMD0Fig",twitter,https://x.com/Vivek4real_/status/1956706926441517104,Vivek4real_,1419,230,102,10,en,btc,1956706926441517104,-0.8378,117816.83364875686
2025-08-16 13:27:06,"üö® DOG FAMILY ROLL CALL üö®

If you‚Äôre holding $DOG üêï, drop a follow + comment and connect with the pack.
This is how we grow ‚Üí by following each other, amplifying each other, and pushing $DOG to the moon together. üåïüöÄ

Born from Bitcoin. Built for the people.
$DOG is not just https://t.co/st64QXJLnv",twitter,https://x.com/DailyCoinPulse/status/1956709301914923451,DailyCoinPulse,505,173,126,5,en,btc,1956709301914923451,-0.2732,117816.83364875686
2025-08-16 13:36:15,"Badge Champions - Celebrating Our Web3 Achievements ü•á

We Made It Together! ü´∂

I‚Äôm thrilled to announce that I‚Äôve earned top badges from eight leading Web3 projects on Cookie Fun: Sapien, Recall, OpenLedger, Ten Protocol, Vooi, Build on Bitcoin (BOB), Elympics, and Almanak. https://t.co/ud5nv5jmXO",twitter,https://x.com/drarjantit/status/1956711607456739520,drarjantit,338,37,130,2,en,btc,1956711607456739520,0.937,117711.81257679684
2025-08-16 14:08:30,"Announcing Arichain's Web3 Partnership

Arichain X B¬≤ Network

@BSquaredNetwork

B¬≤ Network is a Bitcoin-native infrastructure securing ~1% of the Bitcoin hashrate. 

Beyond mining, it is building scalable infra and a BTC-collateralized stablecoin to turn Bitcoin from ‚Äústore of https://t.co/g9EafuNxja",twitter,https://x.com/Arichain_/status/1956719722642505996,Arichain_,61603,30730,5573,306,en,btc,1956719722642505996,0.3182,117711.81257679684
2025-08-16 14:45:26,"I'M OFFICIALLY A $BTC BILLIONAIRE! üôè

As I promised, I want to change someone‚Äôs life‚Äîgiving away 1 #Bitcoin (~$117,700) to one lucky winner by tomorrow!

Like, RT, follow @Bitcoinprof0637 and comment 'DONE' to enter.

Winner announced in 48h! üöÄ https://t.co/AjuurRCDi6",twitter,https://x.com/Bitcoinprof0637/status/1956729015672172976,Bitcoinprof0637,373,280,275,5,en,btc,1956729015672172976,0.9483,117817.33458730514
2025-08-16 14:48:15,"10 $BTC

A person who retweets, follows me will receive 10 $BTC ( $1.177.000 ) (yes, for real)

üìå Retweet my pinned post https://t.co/6uAjDgl2SA",twitter,https://x.com/crypto_king34/status/1956729724861866116,crypto_king34,351,312,224,9,en,btc,1956729724861866116,0.0,117817.33458730514
2025-08-16 14:51:05,"3 #Bitcoin 

A person who retweets, follows me will receive 3 $BTC ( $353.000 ) (yes, for real)

Retweet my pinned post üìå https://t.co/Mp5BJF96X7",twitter,https://x.com/Cryptoemperor06/status/1956730436572549338,Cryptoemperor06,207,189,141,1,en,btc,1956730436572549338,0.0,117817.33458730514
2025-08-16 15:00:01,"Trying to transfer my 401K to #Bitcoin 
What a scam. https://t.co/DqT0KZBVBF",twitter,https://x.com/saylordocs/status/1956732687621771285,saylordocs,862,132,147,17,en,btc,1956732687621771285,-0.5719,117817.33458730514
2025-08-16 15:02:29,"High-yield income funds are like rental properties‚Ä¶

But without the repairs, tenants, or 20% down.

You collect monthly checks, and once your initial is paid back it‚Äôs all house money. https://t.co/gniuMA7esh",twitter,https://x.com/Bitcoin_Teej/status/1956733306327769152,Bitcoin_Teej,401,27,23,2,en,btc,1956733306327769152,0.1901,117817.33458730514
2025-08-16 15:54:13,"I want to thank everyone who has been supporting my TRANSPORTATION BUSINESS!

ONYE IJE MOTORS!

It‚Äôs been challenging, but one of the biggest challenges is getting  drivers to follow the company‚Äôs vision.
Since the launch 5 months ago, we‚Äôve had to let over 10 drivers go.

The https://t.co/qUT6kysvvy",twitter,https://x.com/gaiuschibueze/status/1956746327653560569,gaiuschibueze,2098,388,132,22,en,btc,1956746327653560569,0.7707,117745.29749254188
2025-08-16 15:58:42,"Bitcoin is a resistance against governments &amp; banks. 

Not a movement where you give your Bitcoin TO governments and banks https://t.co/PMguHUV5s7",twitter,https://x.com/SimonDixonTwitt/status/1956747453287293379,SimonDixonTwitt,221,36,24,4,en,btc,1956747453287293379,0.0,117745.29749254188
2025-08-16 16:13:57,"My targets for next 3-6 months:

$BTC $200K+
$ETH $7K - $10K
$BNB $1100 - $1,350
$SOL $500 - $750

And that's me being conservative. https://t.co/HgjGCFOGp4",twitter,https://x.com/0xNonceSense/status/1956751291482595733,0xNonceSense,651,106,63,5,en,btc,1956751291482595733,0.0,117745.29749254188
2025-08-16 16:24:12,"Bull Run 25/26 Targets üìà üéØüí∞

(Realistic) 

$BTC : $160,000
$ETH : $10,000
$TAO : $1,500
$SOL : $500
$LINK : $100
$ZANO : $35
$RENDER : $30
$SUI : $15
$KTA : $7
$ANYONE : $4
$SEI : $3
$KAS : $0.25

Add Yours
üëáüèª",twitter,https://x.com/ourcryptotalk/status/1956753872292118578,ourcryptotalk,764,100,167,5,en,btc,1956753872292118578,0.0,117745.29749254188
2025-08-16 16:25:49,üö® Murad says $SPX (SPX6900) is this generation‚Äôs Bitcoin and the greatest wealth creation event of the decade. https://t.co/DDSGY69ZP5,twitter,https://x.com/thesolanapost/status/1956754278749438194,thesolanapost,993,190,115,17,en,btc,1956754278749438194,0.8591,117745.29749254188
2025-08-16 16:39:12,"#Bitcoin Breakout: Is This the One?

#BTC is once again testing the blue line of the Power Law Corridor. Will this time mark a true breakout, or just another rejection? https://t.co/06QhZtm0Ai",twitter,https://x.com/Washigorira/status/1956757648600387718,Washigorira,830,246,60,6,en,btc,1956757648600387718,-0.264,117821.00630637372
2025-08-16 17:09:52,"JOE KERNAN: ‚ÄäThe difference between 2% and 3% percent [inflation] compounded is devastating, and for you to just blow it off... you better buy #Bitcoin, Mohamed. https://t.co/HCEfAxfKrp",twitter,https://x.com/Swan/status/1956765363548664277,Swan,461,72,18,1,en,btc,1956765363548664277,-0.34,117821.00630637372
2025-08-16 17:25:55,"LIKE, IF TESLA SHOULD RESTART #BITCOIN PAYMENTS üëÄ https://t.co/s8AIZIFc5b",twitter,https://x.com/Vivek4real_/status/1956769404055679089,Vivek4real_,1413,107,73,4,en,btc,1956769404055679089,0.4995,117821.00630637372
2025-08-16 17:58:24,"Saifedean Ammous gives CNBC a 2-minute masterclass on money üëÄ

""That's what #Bitcoin fixes. If we go back to having hard money where money is no longer debt, we no longer need to be monetizing debt. We no longer need everybody to become a debt slave."" https://t.co/yaj5UObx3y",twitter,https://x.com/BitcoinNews21M/status/1956777577449996698,BitcoinNews21M,450,91,9,4,en,btc,1956777577449996698,-0.91,117763.14050380496
2025-08-16 18:23:11,"üö® MEGA GIVEAWAY: THE SELF-SOVEREIGN BITCOINER STARTER PACKüö®

Enter for a chance to win the ultimate Bitcoin sovereignty kit:

‚ö° Braiins Mini Miner 101

AND...

üìò 3 Bitcoin Books 
1. Bitcoin: Separation of Money and State
2. Bitcoin: The Ultimate Collateral
3. Bitcoin Mining https://t.co/Upnkx0dOWn",twitter,https://x.com/EliNagarBrr/status/1956783815503786112,EliNagarBrr,389,389,388,15,en,btc,1956783815503786112,0.7003,117763.14050380496
2025-08-16 18:45:43,"üá∫üá∏ Anthony Pompliano said #Bitcoin is ‚Äúno longer a contrarian trade. This is a consensus trade now.‚Äù

Everyone wants Bitcoin:
- ETFs
- Bitcoin Treasury companies 
- Retail investors
- Sovereign Wealth funds https://t.co/lwuCq1gVME",twitter,https://x.com/nextlayercap/status/1956789484504445254,nextlayercap,387,76,10,1,en,btc,1956789484504445254,0.6124,117748.69876342452
2025-08-16 19:00:32,"üîç Zerovity #Airdrop 

üèÜ Airdrop Pool: 50,000,000 ZY (5% of the total supply)

üî¥ Visit the airdrop page, sign up by connecting your Petra wallet and do the tasks: https://t.co/JI9lVnVrpa

üîò Details: https://t.co/w5mqRqhYqT

#Airdrops #Bitcoin #Zerovity #USDT #AirdropDetective https://t.co/c5jkJH7lag",twitter,https://x.com/AirdropDet/status/1956793212850393552,AirdropDet,1120,1029,171,54,en,btc,1956793212850393552,0.0,117748.69876342452
2025-08-16 19:08:03,"MICHAEL SAYLOR: You have 10 years to stack as much Bitcoin as possible before there's no more left.

Time to start stacking. üß± https://t.co/0sYZKDQHap",twitter,https://x.com/BTC_Archive/status/1956795106905796764,BTC_Archive,1123,168,135,8,en,btc,1956795106905796764,-0.296,117748.69876342452
2025-08-16 19:14:44,"üö® BIG BREAKING

CHINA WILL UNBAN #BITCOIN BEFORE END OF THE YEAR

BULLISH https://t.co/OItZOyEf6m",twitter,https://x.com/SenseiBR_btc/status/1956796786904834515,SenseiBR_btc,530,114,53,1,en,btc,1956796786904834515,0.0,117748.69876342452
2025-08-16 19:26:11,"The Trump administration just spent $560,000 taxpayer dollars to buy new ICE trucks styled to look like Trump‚Äôs private jet for a social media ‚Äúhype video.‚Äù

After cutting funding for child cancer research. https://t.co/IEMZvAuUGM",twitter,https://x.com/NoLieWithBTC/status/1956799668303655085,NoLieWithBTC,4473,2284,266,51,en,btc,1956799668303655085,-0.5267,117748.69876342452
2025-08-16 19:50:22,"In the UK, pledging your #Bitcoin as collateral for a loan may not be as ‚Äútax neutral‚Äù as you think.

HMRC‚Äôs current stance is that any change in beneficial ownership = a taxable disposal. ‚ö†Ô∏è

---

That means if you lend your BTC to a platform, or post it as collateral where",twitter,https://x.com/Thesecretinves2/status/1956805755061117357,Thesecretinves2,193,22,25,4,en,btc,1956805755061117357,0.4404,117734.22808778557
2025-08-16 20:05:32,"$125,000 #BITCOIN NEXT WEEK? https://t.co/VfigUZteUT",twitter,https://x.com/TheBitcoinConf/status/1956809574536901027,TheBitcoinConf,1355,335,122,7,en,btc,1956809574536901027,0.0,117734.22808778557
2025-08-16 20:05:49,#Bitcoin is the best money humanity has ever had. https://t.co/VT4ifc4Jpx,twitter,https://x.com/BitcoinMagazine/status/1956809644665672184,BitcoinMagazine,1302,422,197,13,en,btc,1956809644665672184,0.6369,117734.22808778557
2025-08-16 20:15:29,"$500 GIVEAWAY in $POOP üí∞

Incoming revenue generating app incoming üí©

Like, RT, follow @KongBTC + @DoopApp

Drop your Sol addy and tag 3 friends in the comments üëá

5 winners, $100 each, winners announced in 48h https://t.co/lSV8ntLTrm",twitter,https://x.com/KongBTC/status/1956812076825145538,KongBTC,827,737,653,3,en,btc,1956812076825145538,0.8658,117734.22808778557
2025-08-16 21:00:15,"Once you see it, you can‚Äôt unsee it. #Bitcoin https://t.co/UoVurusD8J",twitter,https://x.com/BoldBitcoin/status/1956823343631343884,BoldBitcoin,693,184,22,12,en,btc,1956823343631343884,0.0,117709.02188428598
2025-08-16 21:21:11,"üöÄ Join the Texas Coin Airdrop! üåü Grab 1,000 coins: Just follow the easy steps below. 
1Ô∏è‚É£ Make a Texas Coin Meme! 
2Ô∏è‚É£ Like this post
3Ô∏è‚É£ Repost
üéâ Share your meme in the replies. Don‚Äôt miss out! ü§† #CryptoLaunch #TexasCoinAirDrop #Texas #Crypto #DeFi #BTC #TXC #Bullrun #First1000 https://t.co/ksFWzVxRfb",twitter,https://x.com/CryptoUSA_LLC/status/1956828608980533377,CryptoUSA_LLC,282,263,332,0,en,btc,1956828608980533377,0.8433,117709.02188428598
2025-08-16 21:40:04,"üéâ Today Syscoin turns 11!

From driving modularity &amp; pioneering how to make the most out of #BTC's strengths, &amp; now shaping the future w/ zkSYS &amp; Edgechains ‚Äî our journey's ever evolving.

To our community, we sincerely THANK YOU for your support that's made everything possible. https://t.co/yhdW7v33oz",twitter,https://x.com/syscoin/status/1956833362527535359,syscoin,344,55,36,9,en,btc,1956833362527535359,0.9006,117503.9270349045
2025-08-16 21:41:23,"When you own a Pizza Ninja you own that character‚Äôs intellectual property

We are one of if not the only Bitcoin Ordinals project with irrevocable IP rights for holders inscribed on-chain

This means you and only you have the right to monetize that character

Every person who",twitter,https://x.com/TO/status/1956833692321775735,TO,134,27,25,4,en,btc,1956833692321775735,0.5106,117503.9270349045
2025-08-16 21:56:47,"üá∫üá∏ $5 BILLION XXI‚ÄôS JACK MALLERS  SAID LIVE ON NYSE TV THAT #BITCOIN IS GOING TO 200X FROM HERE

IT'S GOING ‚ÄúA LOT HIGHER‚Äù üöÄ https://t.co/zHTT8bfagt",twitter,https://x.com/Vivek4real_/status/1956837569049624695,Vivek4real_,1041,157,98,7,en,btc,1956837569049624695,0.0,117503.9270349045
2025-08-16 22:00:23,Michael Saylor predicts #Bitcoin market cap is eventually going to $500 TRILLION üöÄ https://t.co/Tm2NlIhfAY,twitter,https://x.com/saylordocs/status/1956838473584840740,saylordocs,218,49,29,3,en,btc,1956838473584840740,0.0,117503.9270349045
2025-08-16 22:00:23,"You work 50 hours a week. 

Your paycheck buys 3 bags of groceries and a half tank of gas.

Then the government sends $60 billion to Ukraine like it‚Äôs DoorDash money.

BITCOIN IS REVENGE.",twitter,https://x.com/AdamBLiv/status/1956838477028606311,AdamBLiv,609,65,33,7,en,btc,1956838477028606311,-0.3885,117503.9270349045
2025-08-16 22:40:27,"$BTC is a small step away from $150,000! üöÄ

27% away

Are you ready? https://t.co/Mou7PTAqQc",twitter,https://x.com/Degen_Hardy/status/1956848556469575861,Degen_Hardy,108,25,36,1,en,btc,1956848556469575861,0.4199,117484.7558541704
2025-08-16 22:54:58,"12.5 #Bitcoin 

A person who retweets, follows me will receive 12.5 $BTC ( $1.470.000 ) (yes, for real)

Retweet my pinned post üìå https://t.co/HLDO8v43sI",twitter,https://x.com/Bitcoinprof0637/status/1956852212279427378,Bitcoinprof0637,497,444,260,7,en,btc,1956852212279427378,0.0,117484.7558541704
2025-08-16 22:55:52,"Every wallet Gets 0.01 $BTC

Just drop your $BTC  address, RT ‚ôªÔ∏è &amp; Like ‚ù§Ô∏è üîî 

First 999 https://t.co/vQ4pjn5ufe",twitter,https://x.com/Cryptoemperor06/status/1956852438859915564,Cryptoemperor06,176,136,146,2,en,btc,1956852438859915564,0.1027,117484.7558541704
2025-08-16 22:56:40,"Sending $TRUMP to everyone 

Just follow üîî

Like &amp; RT 

Leave your $SOL address https://t.co/WAhWg8hSSs",twitter,https://x.com/Bitcoinblacck/status/1956852640911913032,Bitcoinblacck,214,167,171,1,en,btc,1956852640911913032,0.3182,117484.7558541704
2025-08-16 23:00:03,üá∫üá∏ President Trump says the United States will 'boom' in five or six months. https://t.co/UwUJosIFyv,twitter,https://x.com/BTCjunkies/status/1956853492293005418,BTCjunkies,851,146,37,6,en,btc,1956853492293005418,0.4215,117484.7558541704
2025-08-16 23:05:00,FACT: #BITCOIN CREATOR SATOSHI NAKAMOTO IS NOW RICHER THAN BILL GATES WITH A NET WORTH OF OVER $130 BILLION üî• https://t.co/Cqst7iPstR,twitter,https://x.com/pete_rizzo_/status/1956854736541323649,pete_rizzo_,1396,313,148,8,en,btc,1956854736541323649,0.7761,117484.7558541704
2025-08-16 23:30:28,"MICHAEL SAYLOR: ""Soon every billionaire will buy a billion dollars of #Bitcoin and the supply shock will be so great that we will stop measuring BTC in terms of fiat."" https://t.co/gDU9zxdxBc",twitter,https://x.com/saylordocs/status/1956861145207218513,saylordocs,601,118,41,0,en,btc,1956861145207218513,0.3488,117484.7558541704
2025-08-16 23:32:47,"Papa @leonidasnft joked that I‚Äôve been on repeat, just blabbering about moon missions. So he took me to my therapist. After my full rant on Bitcoin being the superior asset and $DOG reigning as the memecoin standard‚Ä¶ this is what happened next.

Fun Fact: El Salvador made https://t.co/IR7mkURQc1",twitter,https://x.com/DogOfBitcoin/status/1956861727628222487,DogOfBitcoin,115,34,7,0,en,btc,1956861727628222487,0.8481,117484.7558541704
