timestamp,text,source,url,author,like_count,retweet_count,reply_count,quote_count,lang,coin,id,sentiment_vader,sentiment_textblob,sentiment_roberta,sentiment_finbert,sentiment,price,sma_20,sma_50,rsi_14,macd,macd_signal,macd_hist
2025-08-25 19:27:58,"üö® The Ethereum Standard has begun.

‚Ä¢ ETH just broke out of a 4-year bull flag
‚Ä¢ Stablecoins, treasuries, stocks &amp; currencies moving on-chain
‚Ä¢ ETH is digital oil ‚Äî securing global finance
‚Ä¢ Long-term target: $706K‚Äì$1M per ETH

This is bigger than crypto. https://t.co/c1fcUlcwDT",twitter,https://x.com/l3olanza/status/1960061608685613112,l3olanza,366,52,38,6,en,eth,1960061608685613112,0.1027,0.0,0.623473584651947,0.0057894309002222,0.1829907538880423,4575.044658689805,,,,0.0,0.0,0.0
2025-08-25 20:14:10,"Stop panic selling your coins 

ETH pumped from $1385 to $4950 
which is more than 3.5x in 4 months

Now its trading at $4400 and you are
loosing your mind ?? ETH is taking a
break, liquidating all the fomo longs. 

Support area is $4100-$4200

Then it bounces and breaks $5,000 https://t.co/TePqNGyyng",twitter,https://x.com/Ashcryptoreal/status/1960073235879301263,Ashcryptoreal,2100,358,350,19,en,eth,1960073235879301263,-0.4871,0.5,-0.5378434062004089,-1.2986581396035037e-05,-0.1312390981954512,4435.267297337805,,,,-11.150330820102681,-2.230066164020536,-8.920264656082145
2025-08-25 20:17:45,"FREE Ethereum anyone? Follow the instructions below to qualifyü´µü•∞

‚òû RT this post üîÑ
‚òû Tag 2 friends ü´Ç
‚òû Make sure you're following @myetherwallet ‚ú®

Two participants will each win $250 in $ETH. Winners will be randomly selected and contacted on Friday (August 29)! ü§ëüéâ https://t.co/aoflX7Elnv",twitter,https://x.com/myetherwallet/status/1960074136245448805,myetherwallet,2455,2498,2359,33,en,eth,1960074136245448805,0.9487,0.215,0.6038224101066589,3.8923211832297966e-05,0.4418903333296228,4435.267297337805,,,,-19.75927569830128,-5.735908070876685,-14.023367627424594
2025-08-25 20:55:45,"AMBASSADOR PROGRAM ALERT üö® 

Monthly payment in USDT.

Mner club is looking for ambassadors to promote their project.

Payment: USDT salary + other community perks and access.

Requirement: min 100 x followers. 

How to get in üîª

Like + RETWEET

Drop a comment and I‚Äôll DM you https://t.co/7iBmHTNmrt",twitter,https://x.com/EmekaOghali/status/1960083700894544114,EmekaOghali,726,265,430,8,en,eth,1960083700894544114,0.7125,-0.125,0.0,-1.495507149229525e-07,0.1468749626123212,,,,,-19.75927569830128,-8.540581596361605,-11.218694101939676
2025-08-25 21:45:20,"$ETH will secure the next layer of the internet.

As AI and blockchain become more used in everyday life, the need for trust and verification only grows.

Ethereum‚Äôs smart contracts will provide that layer. https://t.co/38lDoiGr46",twitter,https://x.com/MilkRoadDaily/status/1960096178651238626,MilkRoadDaily,590,82,21,6,en,eth,1960096178651238626,0.8126,0.1523809523809523,0.7605348825454712,0.0007588833159388,0.4315686795605906,,,,,-19.75927569830128,-10.78432041674954,-8.97495528155174
2025-08-25 23:11:05,"GM 

What can I do for you today? https://t.co/60vm7zC9f8",twitter,https://x.com/farmercist_eth/status/1960117759238627549,farmercist_eth,436,11,299,3,en,eth,1960117759238627549,0.0,0.0,0.0,-2.714585934882052e-05,-6.786464837205131e-06,4392.896227429519,,,,-34.76331641463639,-15.580119616326913,-19.18319679830948
2025-08-25 23:30:08,"Giving away 5x GTD spots for @theweedsclub 

- Follow @theweedsclub &amp; @nft_acekings 
- RT &amp; Like
- Drop your ETH wallet !

‚è∞48 hours GoodLuck ! https://t.co/f3Obj8waNN",twitter,https://x.com/nft_acekings/status/1960122552187314218,nft_acekings,116,92,102,0,en,eth,1960122552187314218,0.5242,0.0,0.0,0.0004663746803998,0.1311665936700999,4392.896227429519,,,,-41.250381260409085,-20.71417194514335,-20.536209315265737
2025-08-26 02:34:46,Tom Lee is 'calling for $ETH to bottom in next few hours'. https://t.co/ArWTb1IiAB,twitter,https://x.com/AltcoinDaily/status/1960169018993901662,AltcoinDaily,2677,286,178,13,en,eth,1960169018993901662,0.0,-0.1,0.0,4.874764272244647e-07,-0.0249998781308931,,,,,-41.250381260409085,-24.821413808196496,-16.42896745221259
2025-08-26 04:24:01,"üö®   Active Mapping   üó∫Ô∏è.

@OpenledgerHQ announced recently that they would be expanding their ecosystem.

Welcome @TheSenseMap .

The Sense Map is a people powered AI map that learns from lived experience.

Every mark, note, and update becomes intelligence the community can use. https://t.co/1N5PcQQeVW",twitter,https://x.com/Cryptking_1/status/1960196509204381817,Cryptking_1,192,10,136,5,en,eth,1960196509204381817,0.8316,0.2222222222222222,0.600694477558136,0.0128147015566355,0.4168328503342484,4403.142204775128,,,,-46.329260074940066,-29.122983061545213,-17.206277013394853
2025-08-26 04:42:44,"GM legends 

On-chain season üîú 

#ETH dips are buying opportunities. https://t.co/4eAw9sOTF5",twitter,https://x.com/LLuciano_BTC/status/1960201220741808440,LLuciano_BTC,784,10,99,0,en,eth,1960201220741808440,0.3818,0.0,0.6357510685920715,0.0697579377447255,0.2718272515841992,,,,,-46.329260074940066,-32.56423846422419,-13.765021610715877
2025-08-26 05:27:23,"Tron is the quiet backbone of stablecoin transfers in 2025.

As of August 24:

@trondao settles $23.5B/day in USDT value

Ethereum settles $20B/day

Despite Ethereum‚Äôs growth in recent months, Tron has led the entire year, consistently processing higher USDT volumes every day. https://t.co/4dm0v9B3Ai",twitter,https://x.com/cas_abbe/status/1960212455969234945,cas_abbe,310,134,216,19,en,eth,1960212455969234945,0.0557,0.1,0.628444254398346,0.8020489352857112,0.3965482974210143,4437.263013842984,,,,-46.20428785990225,-35.2922483433598,-10.91203951654245
2025-08-26 06:09:58,"Ethereum ETFs had another huge inflow yesterday.

Nearly $443M in ETH were bought, led by BlackRock's $315M inflows.

Despite this, ETH went down as the short-term holders are selling.

Looking at the markets now, it feels like the short-term pain has happened and we can see a https://t.co/fNfGzrGgH7",twitter,https://x.com/Zynweb3/status/1960223174458532160,Zynweb3,336,95,177,2,en,eth,1960223174458532160,0.128,0.1148148148148148,0.0,-0.2014301791787147,0.010346158909025,4434.605946006343,,,,-45.394816191002974,-37.31276191288844,-8.082054278114533
2025-08-26 06:12:43,"30000 $BNKR giveaway through 1 random airdrop  

RT is a must https://t.co/L0ZLjdzZpd",twitter,https://x.com/696_eth/status/1960223864073732116,696_eth,225,222,182,4,en,eth,1960223864073732116,0.0,-0.5,0.7636996507644653,-1.256038274277671e-06,0.0659245986815477,4434.605946006343,,,,-44.24329489837692,-38.698868509986134,-5.544426388390782
2025-08-26 06:52:06,"üö® RATE CUTS CONFIRMED IN SEPTEMBER!

Ethereum will pump to $15,000.

$BTC is going to $200,000.

Altcoins will go parabolic.

Do NOT get shaken out now! https://t.co/j3gl15XtYL",twitter,https://x.com/ardizor/status/1960233777961001312,ardizor,1761,326,180,8,en,eth,1960233777961001312,-0.5098,0.625,0.0,-2.040780418610666e-05,0.0287948980489534,,,,,-44.24329489837692,-39.80775378766429,-4.435541110712627
2025-08-26 07:14:20,"üí• BREAKING:

üá∫üá∏ DONALD TRUMP IS BUYING $ETH NOW.

HE JUST BOUGHT OVER $5M WORTH OF ETH!

EVEN PRESIDENT IS BUYING THE DIP! https://t.co/Qe2xrAAofR",twitter,https://x.com/ardizor/status/1960239370830512581,ardizor,959,181,99,4,en,eth,1960239370830512581,0.4968,0.46875,0.659554123878479,-1.4186467524268664e-05,0.4062724843527386,4414.348478147499,,,,-44.979548459724356,-40.84211272207631,-4.1374357376480475
2025-08-26 07:19:16,"$ETH tested $4,300 start impulse as charted yesterday. üëÄ

Would like to see recovery to $4,600 resistance from here.

Reclaiming $4,600 is necessary for the bulls to take control again.

A deeper test towards ~$4,280 is possible and interesting for longs after confirmation. ü§ù https://t.co/IaKubGp8Ri",twitter,https://x.com/LennaertSnyder/status/1960240613032436152,LennaertSnyder,410,46,42,1,en,eth,1960240613032436152,0.6369,0.1666666666666666,0.0,0.0029475181108864,0.2016285461943882,4414.348478147499,,,,-44.5178791165481,-41.577266000970674,-2.9406131155774275
2025-08-26 07:41:22,Can I get a gm https://t.co/SudbglvuEj,twitter,https://x.com/KinglouiEth/status/1960246174348177849,KinglouiEth,244,6,174,1,en,eth,1960246174348177849,0.0,0.0,0.0,-1.8421627316911326e-05,-4.605406829227832e-06,,,,,-44.5178791165481,-42.16538862408616,-2.352490492461939
2025-08-26 07:55:59,"KALSHI: Prediction Market Explained

Congratulations, @j0hnwang, on joining @Kalshi.

1/ Kalshi operates on ""YES"" or ""NO"" outcomes. 

Market probability = 1. 

Share prices range from $0.01 to $0.99. 

Winners earn $1 per share for correct predictions.

2/ Kalshi offers nearly https://t.co/SwgRr4VM3L",twitter,https://x.com/Param_eth/status/1960249853658771472,Param_eth,188,14,50,1,en,eth,1960249853658771472,0.886,0.1,0.0,1.452066720730727e-05,0.2465036301668018,,,,,-44.5178791165481,-42.635886722578554,-1.881992393969547
2025-08-26 08:08:38,"This is without a doubt the hardest cycle ever 

If you survive this, you deserve generational wealth",twitter,https://x.com/QuintenFrancois/status/1960253039211950378,QuintenFrancois,975,69,128,2,en,eth,1960253039211950378,0.6497,0.0,-0.7334123253822327,0.7110029757022858,0.1568226625800133,4430.91388315611,,,,-42.34451011427245,-42.57761140091734,0.23310128664488872
2025-08-26 08:10:03,"üö® POWELL CONFIRMED IT!

Rate cuts are coming.

$ETH will hit $15,000.

Altcoins will pump 100x daily.

MONSTER RALLY IS COMING! https://t.co/mhBOR387Bd",twitter,https://x.com/DeFiTracer/status/1960253392036540910,DeFiTracer,1934,299,196,5,en,eth,1960253392036540910,-0.4184,0.25,0.5396909117698669,0.0029715006312471,0.0935656031002785,4430.91388315611,,,,-40.09079835209741,-42.08024879115335,1.9894504390559433
2025-08-26 09:30:17,"$ETH ETFs just saw $443.9 million in net inflows yesterday.

Wall Street is buying the Ethereum dip. https://t.co/4UIJtDErwV",twitter,https://x.com/TheCryptoLark/status/1960273584808403343,TheCryptoLark,786,173,180,9,en,eth,1960273584808403343,0.0,0.0,0.6446992754936218,-6.9539196374535095e-06,0.1611730803934961,4423.045456454348,,,,-38.49587533113754,-41.36337409915019,2.867498768012652
2025-08-26 09:32:01,"$ETH is hovering below its 2021 highs now.

This is where accumulations happen before the next leg up.

Imagine selling BTC at $70K in 2024 or $BNB at $700.

Those who'll sell ETH now will buy it higher in Q4. https://t.co/T3y5zK3aUe",twitter,https://x.com/Zynweb3/status/1960274023071232145,Zynweb3,145,90,171,3,en,eth,1960274023071232145,0.0,0.125,0.0,0.0011381753538444,0.0315345438384611,,,,,-38.49587533113754,-40.789874345547666,2.293999014410126
2025-08-26 09:56:34,"Thank you @Duckgo_Nfts for the Honorary

3,333 Supply, FREE mint on ETH mainnet

I‚Äôm giving away 10 GTD WL spots on this post  

- Follow @le699a &amp; @Duckgo_Nfts
- Like &amp; comment  

Picking the winners in 24 hours ‚è≥ https://t.co/NPolxo5kAG",twitter,https://x.com/le699a/status/1960280198085026262,le699a,512,302,405,1,en,eth,1960280198085026262,0.9426,0.4,0.8545215129852295,0.0112655407865531,0.5520967634429457,,,,,-38.49587533113754,-40.33107454266565,1.8351992115281064
2025-08-26 10:13:51,"GM if you GM back ü´°

I feel so blessed to be able to work from anywhere I want https://t.co/4VSAXsKj5z",twitter,https://x.com/Aleshiaaa19/status/1960284550757572975,Aleshiaaa19,168,5,153,0,en,eth,1960284550757572975,0.7424,0.25,0.9475969076156616,0.0148404582869261,0.4887093414756469,4422.0323179785,,,,-37.03762706494945,-39.67238504712241,2.634757982172964
2025-08-26 10:18:42,"Gm Web3 fam. Happy Taco Tuesday! üåÆ

Can I get a GM back? ü©∑ https://t.co/zG38Rms5aM",twitter,https://x.com/0xFigen/status/1960285768095506666,0xFigen,601,17,252,3,en,eth,1960285768095506666,0.6114,0.5,0.9302371740341188,0.0001028625410981,0.5104350091438042,4422.0323179785,,,,-35.28623521620557,-38.79515508093905,3.5089198647334783
2025-08-26 10:43:21,"w/ @AnomaPay : ‚Äúsend what you have, they get what they want‚Äù, without leaking your business @anoma 

The pitch finally makes sense in normal words: I can pay a vendor in the token I hold (say, USDC), they can receive what they prefer (USDT or ETH), and the system routes it the https://t.co/zMC3jp6ZeG",twitter,https://x.com/0xfrigg/status/1960291973815734304,0xfrigg,268,27,81,0,en,eth,1960291973815734304,-0.1027,0.075,0.0,0.0001760473383001,-0.0068809881654249,,,,,-35.28623521620557,-38.093371107992354,2.8071358917867855
2025-08-26 11:05:41,"Hey @grok,

If $ETH hits $5,000 this week, pick 5 winners ( 200 $USDT each ) ‚Äî only if they‚Äôre following @OfficialTravlad",twitter,https://x.com/OfficialTravlad/status/1960297593755291877,OfficialTravlad,1640,1027,1272,6,en,eth,1960297593755291877,0.4767,0.0,0.0,-4.26390465690929e-06,0.1191739340238357,4436.192380818766,,,,-32.12599804040565,-36.899896494475016,4.773898454069368
2025-08-26 11:22:05,"Been testing something simple that actually pays in what matters. @TeralendFinance just launched Dual Reward Lending on Flare. You supply or borrow and get two streams at once: ETH that lands now plus Points that stack for future benefits. No gimmicks, just a clean money market https://t.co/x03d5mPvaK",twitter,https://x.com/0xALTF4/status/1960301720912670737,0xALTF4,231,21,80,1,en,eth,1960301720912670737,0.8126,0.0916666666666666,0.7105104327201843,0.0012796063092537,0.4040141764240261,4436.192380818766,,,,-29.507522876449002,-35.42142177086981,5.913898894420811
2025-08-26 11:28:36,Gm to the ones who gm back https://t.co/pLrt7tauqu,twitter,https://x.com/haloETH/status/1960303359413629369,haloETH,188,11,207,0,en,eth,1960303359413629369,0.0,0.0,0.7850484251976013,-0.0010452852657181,0.1960007849829708,4436.192380818766,,,,-27.119742928887717,-33.7610860024734,6.641343073585681
2025-08-26 11:38:00,"$ETH will hit $6,000 soon

If we do the calculations, Ethereum will trade $6K once ETH/BTC trades 0.053 with the current Bitcoin price.

I'm still holding. https://t.co/RAtgVpqeqZ",twitter,https://x.com/Trader1PA/status/1960305725978313214,Trader1PA,435,86,30,1,en,eth,1960305725978313214,0.0,0.0,0.0,-4.8161213612729625e-06,-1.2040303403182406e-06,,,,,-27.119742928887717,-32.432817387756266,5.313074458868549
2025-08-26 11:48:58,"üì¢ X Token Sale launches September 1st at 12:00 PM UTC with TGE scheduled for November 2025.

Details: https://t.co/BRfvPk1MnH

Sale operates on FCFS basis and stops immediately at 100% allocation.

Price: $0.0145
Supply for sale: 459.4M

Starting at $26M FDV (matching Ethereum's https://t.co/nngHVbcPxZ",twitter,https://x.com/xos_labs/status/1960308486082068817,xos_labs,1229,307,228,105,en,eth,1960308486082068817,-0.1531,0.0,0.0,7.484091213427746e-08,-0.0382749812897719,,,,,-27.119742928887717,-31.37020249598256,4.250459567094843
2025-08-26 12:05:00,"‚ÄúWe‚Äôre responsible for 7‚Äì8% of Solana blocks and close to 5% of #Ethereum blocks,‚Äù says @Figment_io CEO Lorien Gabel.

In this full interview, Gabel breaks down:
üî∏How institutional staking really works
üî∏What‚Äôs coming in U.S. regulatory clarity

üéôÔ∏èHosted by @FrederickMunawa üîΩ https://t.co/W3olWUCcdY",twitter,https://x.com/BTCTN/status/1960312521237098729,BTCTN,35,18,18,2,en,eth,1960312521237098729,0.4767,0.1486111111111111,0.0,5.210700237512356e-06,0.1563290804528371,4417.246764291473,,,,-26.773859022908255,-30.450933801367704,3.677074778459449
2025-08-26 12:05:09,Gm to everyone ‚òÄÔ∏è https://t.co/PuxOGSVXVq,twitter,https://x.com/zubic_eth/status/1960312559296205075,zubic_eth,269,10,258,0,en,eth,1960312559296205075,0.0,0.0,0.9594156742095948,-0.0012064728070981,0.2395523003506241,4417.246764291473,,,,-25.8595383119673,-29.532654703487623,3.673116391520324
2025-08-26 12:17:08,"#Ethereum Set A New Record At $4,955 During Weekend Trading, But It Failed To Hold At This Level And Could Not Break The Daily Closing Record. Thus, The Price Movements Of The Last Few Days Showed That The $4,670‚Äì$5,000 Range Continues To Act As A Strong Resistance Zone With https://t.co/ZAN7jFfOjH",twitter,https://x.com/CryptoXLARG/status/1960315573750915551,CryptoXLARG,271,21,58,0,en,eth,1960315573750915551,0.0,-0.0217171717171717,-0.5634238719940186,6.021256558597088e-05,-0.146270207786401,4417.246764291473,,,,-24.848494583315187,-28.59582267945314,3.7473280961379523
2025-08-26 12:30:00,Good Morning if you GM ü¶© https://t.co/vWxeaROOHT,twitter,https://x.com/Fityeth/status/1960318814492426565,Fityeth,293,5,268,1,en,eth,1960318814492426565,0.4404,0.7,0.9689772129058838,0.0228165683511178,0.5330484453142504,4417.246764291473,,,,-23.773192578436465,-27.631296659249806,3.858104080813341
2025-08-26 12:38:59,"$ETH RECLAIMS $4,500. üöÄ https://t.co/J0JcEO6ART",twitter,https://x.com/crypto_goos/status/1960321071481004091,crypto_goos,362,39,34,0,en,eth,1960321071481004091,0.0,0.0,0.5199559926986694,-0.0001985939416044,0.1299393496892662,,,,,-23.773192578436465,-26.85967584308714,3.086483264650674
2025-08-26 12:39:26,"üí•BREAKING:

$ETH RECLAIMS $4,500! https://t.co/uAQjFZHiIN",twitter,https://x.com/rovercrc/status/1960321184764977387,rovercrc,2762,419,217,10,en,eth,1960321184764977387,0.0,0.0,0.0,-9.605087689124048e-05,-2.401271922281012e-05,,,,,-23.773192578436465,-26.242379190157006,2.4691866117205414
2025-08-26 12:43:06,"The reason why $ETH has thrown everyone off so hard this cycle is simply because everyone has been trading the wrong chart.

ETH is at $5347 and the correct chart is below. 

It's up almost a full 20% over previous ATHs. https://t.co/WRJX1eOC4y",twitter,https://x.com/SpeculatorArt/status/1960322107864141966,SpeculatorArt,286,20,45,5,en,eth,1960322107864141966,-0.608,-0.1216666666666666,-0.6732873320579529,0.0001290126456297,-0.3507062465197474,,,,,-23.773192578436465,-25.7485418678129,1.9753492893764353
2025-08-26 13:10:43,"You‚Äôll receive 50000000000

50000000000 $PEPE (2.15 ETH) each to the first 4900 people who follows and retweets pinned üìå post 

 Drop your wallet address üëá https://t.co/OgYAb4ooql",twitter,https://x.com/Degenmike06/status/1960329060468285807,Degenmike06,151,94,115,0,en,eth,1960329060468285807,-0.2732,0.25,0.0,-4.011772944068071e-06,-0.005801002943236,4489.209758278453,,,,-12.703940899078589,-23.13962167406604,10.43568077498745
2025-08-26 13:23:10,"The OG whale dumped 1,000 BTC and went giga-long on $ETH with $432 million.

He now holds 544,979 ETH worth $2.45 billion. https://t.co/wY173T9Vnb",twitter,https://x.com/Zynweb3/status/1960332193735098454,Zynweb3,189,93,182,1,en,eth,1960332193735098454,-0.2023,0.3,0.0,-1.805370411034346e-05,0.0244204865739724,4489.209758278453,,,,-7.845524957664566,-20.080802330785744,12.235277373121178
2025-08-26 13:25:31,"üéâ8 GTD - FREE MINT

Romeo ü§ù MagicMages

Reviving the magic of freemint on ETH üßô‚Äç‚ôÇÔ∏èüßô‚Äç‚ôÇÔ∏èüßô‚Äç‚ôÇÔ∏è 

Back to the true free mint, no fake promises, no fees, just the real vibe taking us to the moon. Every wizard is power: the art is utility, the art is meta

Supply: 3333
Price: Free
Date: TBA https://t.co/yfhBRqdJe8",twitter,https://x.com/RedCatRomeo/status/1960332782833684751,RedCatRomeo,108,93,94,0,en,eth,1960332782833684751,0.8602,0.3125,0.6570197939872742,5.794016487925546e-06,0.4574313970009405,4489.209758278453,,,,-3.94966602968816,-16.854575070566227,12.904909040878067
2025-08-26 13:29:05,Ethereum season. https://t.co/WkZ21Tekro,twitter,https://x.com/TedPillows/status/1960333682125791692,TedPillows,2053,217,201,9,en,eth,1960333682125791692,0.0,0.0,0.0,-1.1448009900050238e-05,-2.8620024750125594e-06,4489.209758278453,,,,-0.8523444646953067,-13.654128949392044,12.801784484696737
2025-08-26 13:29:43,"GMavryk, the @MavrykNetwork Yapper threshold was removed, meaning EVERYONE has a chance at grabbing some of 0.5% $MVRK supply allocated for Kaito.

TGE is Sept 18th, the time is ticking.

Mavryk is an RWA giant that‚Äôs coming in hot, it‚Äôs a no-brainer that they do incredibly well. https://t.co/BeIci7YGlM",twitter,https://x.com/wals_eth/status/1960333842289476074,wals_eth,194,8,142,6,en,eth,1960333842289476074,0.5256,0.3833333333333333,0.0,0.000292436190648,0.2273064423809953,4489.209758278453,,,,1.5840453023456575,-10.606494099044506,12.190539401390163
2025-08-26 13:30:39,"I'm giving away 2x WL GTD for @Duckgo_Nfts

FREE MINT on ETH 
Like &amp; Drop EVM wallet
Retweet
Follow @nft_ilkerY &amp; @Duckgo_Nfts 

6 hours‚åõÔ∏è https://t.co/XD5VmdWjHD",twitter,https://x.com/nft_ilkerY/status/1960334076688118224,nft_ilkerY,80,60,70,0,en,eth,1960334076688118224,0.7804,0.4,0.0,2.0469771698117256e-05,0.2951051174429245,4489.209758278453,,,,3.4748458856138313,-7.790226102112838,11.26507198772667
2025-08-26 14:00:31,"You can now use Google or Apple ID to create a MetaMask wallet and login with one click. ü¶ä

Creating, restoring, and logging into wallets is now easier than ever. https://t.co/Z3cew3jBZf",twitter,https://x.com/MetaMask/status/1960341591337402429,MetaMask,702,125,77,38,en,eth,1960341591337402429,0.8074,0.0,0.8071992993354797,0.6607826511317398,0.5688454876168049,,,,,3.4748458856138313,-5.537211704567504,9.012057590181335
2025-08-26 14:14:50,"What most don‚Äôt get is we‚Äôre exactly where we said we‚Äôd be all along.

$ETH broke through the 4K multi-year resistance after a 250% rally. From here, it could consolidate between 4K‚Äì5K for nearly a quarter before the next leg higher.. https://t.co/AzXcINeHEo",twitter,https://x.com/IamCryptoWolf/status/1960345196123545917,IamCryptoWolf,528,76,44,1,en,eth,1960345196123545917,-0.4215,0.22,0.0,1.580947355250828e-06,-0.0503746047631611,4459.481511344033,,,,2.378131482622848,-3.9541430671294338,6.332274549752282
2025-08-26 14:45:06,"Six months ago, $ETH treasuries weren't even a thing.

Today, they hold over 3.3 million $ETH, worth over $14.5 billion.

That's 2.75% of all $ETH in existence that's locked up.

The Ethereum supply squeeze is real. https://t.co/zkjtqHuoHH",twitter,https://x.com/TheCryptoLark/status/1960352811423576189,TheCryptoLark,779,181,167,10,en,eth,1960352811423576189,0.4215,0.25,0.0,-0.0001152808317783,0.1678461797920554,,,,,2.378131482622848,-2.687688157178978,5.065819639801826
2025-08-26 14:45:37,$ETH - #Ethereum ATHs are acting like a strong resistance for now. Still a lot of gains will be made here in the coming months. https://t.co/P5YkoBgBpZ,twitter,https://x.com/CryptoFellaTx/status/1960352940092281296,CryptoFellaTx,370,12,23,0,en,eth,1960352940092281296,0.802,0.2166666666666666,0.9115546345710754,0.6053458360256627,0.6338917843158512,,,,,2.378131482622848,-1.6745242292186127,4.052655711841461
2025-08-26 14:51:51,"Pharos Testnet - I am back with my extra 100 $PHRS üî•
I decided to give these 100 Pharos to my 10 random followers. 

I will pick 10 random follower's comments. üëá
(10 Pharos each!)

I will announce the winners right after 24 hours. https://t.co/WqQBXI7EMC",twitter,https://x.com/erbagoragourav/status/1960354508917080572,erbagoragourav,352,78,255,2,en,eth,1960354508917080572,0.5255,-0.1678571428571428,0.7497704029083252,-9.920893262460595e-07,0.276853066990464,,,,,2.378131482622848,-0.8639930868503205,3.2421245694731686
2025-08-26 14:59:37,"NEW WEB3 GIG üí∞üí∞üö®

I just got a new gig, and you‚Äôll get $25 weekly as this project is still in the early phase. 

Telegram has just 200 members with no moderators also. 

Active people will get it.

Like + RETWEETüîª

Comment and I‚Äôll dm you. https://t.co/dbb1N0fUTC",twitter,https://x.com/EmekaOghali/status/1960356465320874415,EmekaOghali,480,195,317,3,en,eth,1960356465320874415,0.4588,0.0598484848484848,0.790363609790802,-6.107312856329372e-06,0.3272514968316076,,,,,2.378131482622848,-0.21556817295568675,2.593699655578535
2025-08-26 15:02:13,"Left thinks ETH goes back to $5k

Right thinks it won‚Äôt this year https://t.co/5M7eK6VR4T",twitter,https://x.com/xerocooleth/status/1960357121024770422,xerocooleth,167,1,128,1,en,eth,1960357121024770422,0.0,0.0952380952380952,0.0,-0.0005389509678934,0.0236747860675504,,,,,2.378131482622848,0.3031717581600203,2.0749597244628277
2025-08-26 15:09:10,ETHEREUM IS PUMPING BACK HARD üöÄ https://t.co/O2h87wzJW8,twitter,https://x.com/Ashcryptoreal/status/1960358869151977924,Ashcryptoreal,3435,576,536,29,en,eth,1960358869151977924,-0.2808,-0.1458333333333333,0.9594702124595642,-0.0001235911295225,0.1331783219991771,4545.843070463158,,,,17.232992260537685,3.689135858635553,13.543856401902133
2025-08-26 15:13:09,"HANA Community Contest

We are giving away prizes to grow the HANA family.

‚úÖ Follow @HanaOnEth
‚úÖ Repost this post
‚úÖ Tag 3 friends in the comments
‚úÖ Join our Telegram: https://t.co/mtBono6Maf

Winners will be picked in 3 days. HANA and ETH Prizes!

(Another competition https://t.co/oarsQwHiFs",twitter,https://x.com/HanaOnEth/status/1960359872182059309,HanaOnEth,154,135,140,0,en,eth,1960359872182059309,0.9441,0.0,0.5668718218803406,4.541390649137611e-05,0.377754308946708,4545.843070463158,,,,20.42095484491074,7.035499655890591,13.385455189020147
2025-08-26 15:18:00,"$ETH - Ethereum. 

It's literally this simple. https://t.co/qP8NOEGvKU",twitter,https://x.com/crypto_goos/status/1960361090652447163,crypto_goos,790,117,96,3,en,eth,1960361090652447163,0.0,0.0,0.0,-2.121391298715025e-05,-5.303478246787563e-06,4545.843070463158,,,,22.68592889426327,10.165585503565127,12.520343390698143
2025-08-26 15:22:00,"$ETH is repeating price action from the previous cycle.

History will repeat! https://t.co/FostnvNIyO",twitter,https://x.com/misterrcrypto/status/1960362097105359342,misterrcrypto,401,58,83,3,en,eth,1960362097105359342,0.0,-0.0541666666666666,0.0,4.212468411424197e-06,-0.0135406135495638,4545.843070463158,,,,24.201952107923717,12.972858824436846,11.22909328348687
2025-08-26 15:23:39,"Ethereum hit ATH of $4957 2 days ago, now retracing to $4400.
üîπ Strong support at $3900-$4000. Holding this zone opens upside to $6000-$8000.
üîπ Breakdown of $3900 could lead to $3500 and $3200 levels. https://t.co/RVUxUWhn1R",twitter,https://x.com/lourdesanchezok/status/1960362513486225423,lourdesanchezok,938,313,48,0,en,eth,1960362513486225423,0.7184,0.4333333333333333,0.5766712427139282,0.999999875122433,0.6821011127924237,4545.843070463158,,,,25.11391386098694,15.401069831746867,9.712844029240074
2025-08-26 15:45:20,"Tom Lee just said he thinks Ethereum $ETH could hit $5,500 in the near term and end the year at

$10,000-$12,000 https://t.co/O47ZdSZF3W",twitter,https://x.com/TomLeeTracker/status/1960367970133098728,TomLeeTracker,1945,225,59,29,en,eth,1960367970133098728,0.0,0.1,0.0,-4.87599950247386e-05,0.0249878100012438,,,,,25.11391386098694,17.343638637594882,7.7702752233920585
2025-08-26 15:59:52,"$ETH #Ethereum

ALL IN. $6,000 next

üëÄ https://t.co/KCq9dVNhYJ",twitter,https://x.com/cryptogems555/status/1960371626379272655,cryptogems555,870,160,108,0,en,eth,1960371626379272655,0.0,0.0,0.4999251365661621,-5.9531446822802536e-05,0.1249664012798348,,,,,25.11391386098694,18.897693682273292,6.216220178713648
2025-08-26 16:02:00,"Powell cuts rates.

$ETH goes to $10,000.

We all get filthy rich.

Questions? https://t.co/unjQaE9hme",twitter,https://x.com/misterrcrypto/status/1960372164277739580,misterrcrypto,1000,144,141,5,en,eth,1960372164277739580,0.34,-0.2125,0.0,-0.0003165333000652,0.0317958666749837,4520.351530903356,,,,23.3451479286241,19.787184531543456,3.557963397080645
2025-08-26 16:02:00,"here's why i'm SO bullish on $REKT:  üö®

- 20x pump since we called it 4 months ago
- @rektdrinks hits 1,000,000M drinks sold in first 12 months across 32 countries  
- ETH just hit new ATHs @RektCoin is the perfect beta-play
- T1 CEX listing rumors

REKT WORLD DOMINATION. https://t.co/XjxNyPv89L",twitter,https://x.com/gem_insider/status/1960372164479033834,gem_insider,242,56,45,1,en,eth,1960372164479033834,0.4151,0.4621212121212121,0.9307175874710084,0.9999986435654904,0.7019843607894277,4520.351530903356,,,,21.819298444078413,20.19360731405045,1.6256911300279633
2025-08-26 16:03:19,"üö® 25 FCFS Giveaway for @MagicMagesETH!

 ü™Ñ  Win a FCFS for @MagicMagesETH FREE MINT on ETH.

üëâ To Enter:

1‚É£ Follow @MagicMagesETH, @Creatooors

2‚É£ Like &amp; RT this post

3‚É£Comment your ETH address + Tag a friend.

‚è∞Duration: 24 hours! Winners picked randomly via X picker.

25 https://t.co/E4VP1etqOe",twitter,https://x.com/Creatooors/status/1960372494055166206,Creatooors,131,117,117,1,en,eth,1960372494055166206,0.9532,0.2666666666666666,0.5150727033615112,1.2252647138666362e-05,0.4337379056688291,4520.351530903356,,,,20.375179349986865,20.229921721237737,0.1452576287491283
2025-08-26 16:14:39,"üö®BREAKING : BLACKROCK JUST BOUGHT 20,000 $ETH WORTH $89.22 MILLION ON COINBASE.

BULLISH https://t.co/q84hnI3Itd",twitter,https://x.com/WhaleEverything/status/1960375348715024655,WhaleEverything,161,35,42,1,en,eth,1960375348715024655,0.3885,0.3,0.0,-1.1577026953091265e-05,0.1721221057432617,4520.351530903356,,,,19.011551235242223,19.986247624038636,-0.9746963887964135
2025-08-26 16:16:18,"üí•BREAKING:

BLACKROCK BUYS 20,000 $ETH WORTH $89.22 MILLION. https://t.co/yTKlV3qoN0",twitter,https://x.com/rovercrc/status/1960375762994729147,rovercrc,1101,152,143,8,en,eth,1960375762994729147,0.3885,0.3,0.0,2.606320776976645e-05,0.1721315158019424,4520.351530903356,,,,17.726525775141454,19.5343032542592,-1.8077774791177461
2025-08-26 16:19:24,"Tom Lee just said $ETH is going to hit $5,500 in the next couple of weeks üî•

And $10,000 - $12,000 by the end of the year üìà https://t.co/jcexz2PKdv",twitter,https://x.com/CryptoGucci/status/1960376543655408029,CryptoGucci,2401,292,79,29,en,eth,1960376543655408029,0.0,0.0,0.7512091398239136,-6.30961449132883e-06,0.1878007075523555,4520.351530903356,,,,16.517727756257045,18.93098815465877,-2.413260398401725
2025-08-26 16:25:42,"üí•BREAKING:

Tom Lee predicts $ETH will surge to $5,500 within weeks. 

And reach $10,000‚Äì$12,000 by year‚Äôs end! https://t.co/JKEW3EwcZF",twitter,https://x.com/rovercrc/status/1960378127286141227,rovercrc,1478,216,160,11,en,eth,1960378127286141227,0.1007,0.0,0.6409422755241394,0.0046457076377919,0.1865719957904828,4520.351530903356,,,,15.382427567601553,18.22127603724733,-2.838848469645775
2025-08-26 16:25:59,"JUST IN - BLACKROCK BUYS 20,000 $ETH WORTH $89.22 MILLION. https://t.co/nShl1HasVL",twitter,https://x.com/AltcoinDaily/status/1960378201093619725,AltcoinDaily,1588,272,161,13,en,eth,1960378201093619725,0.3885,0.3,0.0,-7.26549478713423e-06,0.1721231836263032,4520.351530903356,,,,14.317649042955054,17.440550638388874,-3.12290159543382
2025-08-26 16:34:17,"Tom Lee made his market open debut today on the show and we discussed a variety of topics including Ethereum &amp; Bitmine: 

- Why $ETH could be the biggest macro trade of the next decade 

- How $BMNR is growing the NAV &amp; ETH per share at an accelerated pace   

- Ethereum end of https://t.co/yQWW4je5y4",twitter,https://x.com/amitisinvesting/status/1960380287797297462,amitisinvesting,2418,277,177,40,en,eth,1960380287797297462,0.4404,0.0,0.0,0.0350351463612241,0.118858786590306,,,,,14.317649042955054,16.81597031930211,-2.498321276347056
2025-08-26 16:44:48,"$ETH

Imagine Ethereum ending the bull market like this.

Or imagine it starting its new run like this. https://t.co/wGXM77YDiN",twitter,https://x.com/ZeroHedge_/status/1960382934549921905,ZeroHedge_,324,35,72,3,en,eth,1960382934549921905,0.6124,0.0681818181818181,0.0,-6.575337465619668e-06,0.1701438107110881,,,,,14.317649042955054,16.316306064032702,-1.9986570210776478
2025-08-26 16:45:16,"0/ Exploring how tokenization on Ethereum can reach its full potential.

A guest thread by @carlosdomingo of @Securitize.

2025 will likely be remembered as the year of tokenization.

Today, we‚Äôre looking at why that is and how we can accelerate that future. https://t.co/RWRNiunujQ",twitter,https://x.com/ethereum/status/1960383054104420502,ethereum,1101,221,125,40,en,eth,1960383054104420502,0.0258,0.0875,0.6447917819023132,2.816132246152847e-05,0.1895299858061936,,,,,14.317649042955054,15.916574659817172,-1.5989256168621182
2025-08-26 16:58:55,"ETH is going to $8k-$10k in 2025 

Altcoins will pump 10x-50x in Q4 

Ignore volatility. Hold spot and wait,

Your patience will be rewarded. https://t.co/dYRGIjButX",twitter,https://x.com/Ashcryptoreal/status/1960386486563426458,Ashcryptoreal,2081,381,512,21,en,eth,1960386486563426458,0.1779,0.0,0.5096243023872375,0.5526116918772459,0.3100339985661208,,,,,14.317649042955054,15.59678953644475,-1.2791404934896953
2025-08-26 17:14:16,"You don‚Äôt need any fancy strategy.

Just buy when the market mood changes from greed to fear.

Since May, that change happened 5 times.

If you put $10K in BTC and $10K in ETH each time ($100K total)‚Ä¶

Today you would have $135K.

That‚Äôs +35% in 3 months. https://t.co/SILhhLD2jH",twitter,https://x.com/MasterCryptoHq/status/1960390351237341489,MasterCryptoHq,141,31,23,0,en,eth,1960390351237341489,-0.7096,0.0,0.0,-7.868439206504263e-05,-0.1774196710980162,4541.008079549826,,,,16.422628226996494,15.7619572745551,0.6606709524413947
2025-08-26 17:15:07,"Crypto's Fear to Greed Index is currently at 43. Meanwhile, ETH and BTC are 5-10% away from new ATHs.

What does this imply? Let's break it downüëáüèΩ

The first thing that becomes apparent with current numbers is that there is an obvious disconnect between market sentiment and price https://t.co/EmUfjWlHwB",twitter,https://x.com/SamuelXeus/status/1960390563049476225,SamuelXeus,312,61,63,0,en,eth,1960390563049476225,-0.7096,0.0727272727272727,0.0,-0.0002904210741689,-0.159290787086724,4541.008079549826,,,,16.469156395039136,15.903397098651908,0.5657592963872276
2025-08-26 17:15:34,"ETH is going to $8k-$10k in 2025 

Altcoins will pump 10x-50x in Q4

Big pump coming soon!",twitter,https://x.com/WhaleEverything/status/1960390675763015889,WhaleEverything,148,25,81,0,en,eth,1960390675763015889,0.0,0.0,0.6976284384727478,0.0058198545273171,0.1758620732500162,4541.008079549826,,,,16.31792739398861,15.986303157719249,0.3316242362693629
2025-08-26 17:20:41,"Bros by GM Degens are coming to ETH Chain

Drop your $ETH Wallet below ‚¨áÔ∏è https://t.co/nyP5gxZj5m",twitter,https://x.com/gmdegens_eth/status/1960391965050028419,gmdegens_eth,229,30,251,6,en,eth,1960391965050028419,-0.2732,0.0,0.0,-0.0004848813732678,-0.0684212203433169,4541.008079549826,,,,16.013483847365023,15.991739295648404,0.021744551716619043
2025-08-26 17:25:50,"$ETH broke a 4 year bullish megaphone, retested clean, and the structure points to $6800 ‚Äì $7000 next.

and its funny how people are panic selling here at the first dip after new ATHs.. bear market PTSD is still real

to me tbh.. this setup just screams higher. https://t.co/Nhhm2mXXeD",twitter,https://x.com/Axel_bitblaze69/status/1960393262591619375,Axel_bitblaze69,1004,210,54,7,en,eth,1960393262591619375,-0.4019,0.2075757575757575,0.6266187429428101,0.3324824359733611,0.1911942341229822,4541.008079549826,,,,15.592469856735988,15.911885407865922,-0.3194155511299339
2025-08-26 17:28:17,"PUSH #ETH TO $7,000 NOW!!! https://t.co/BV3oZxURLc",twitter,https://x.com/cryptojack/status/1960393877853966730,cryptojack,680,157,142,4,en,eth,1960393877853966730,0.0,0.0,0.74372398853302,8.747418178245425e-05,0.1859528656787006,4541.008079549826,,,,15.084923626394811,15.7464930515717,-0.6615694251768893
2025-08-26 17:33:45,"Suppose your portfolio already holds $BTC and $ETH.

You have got room to add just one more coin.

Which one are you choosing?

Drop the ticker in the repliesüëá",twitter,https://x.com/LordOfAlts/status/1960395252029673746,LordOfAlts,421,52,79,12,en,eth,1960395252029673746,-0.2732,0.5,0.0,-0.0002336199249839,0.056641595018754,,,,,15.084923626394811,15.614179166536324,-0.5292555401415129
2025-08-26 17:44:00,"You will become a millionaire if you are patient!‚ùïBuy and Hodl üí™üèºüöÄüåí

What are you buying and HODLing today?
#BSC #BNB #ETH #ADA #AVAX #CRO #Altcoins",twitter,https://x.com/100xAltcoinGems/status/1960397832478703991,100xAltcoinGems,110,19,184,0,en,eth,1960397832478703991,0.0,0.0,0.8801684975624084,1.4693611376515037e-06,0.2200424917308865,,,,,15.084923626394811,15.508328058508024,-0.42340443211321244
2025-08-26 18:13:32,"Not just the art wizard‚Ä¶ the wizard is IN the art üßë‚Äçüé®

1/1 @bunya_eth - the artist himself, forever etched in the Sat Magicians collection.

üü£ Follow me &amp; @Magisat_io;
üü£ RT &amp; drop your taproot addy;
üèÄ 3 lucky ballers get a GTD spot;
‚è≥ You have 48h. https://t.co/gkE4BMW6lA",twitter,https://x.com/codrin_sats/status/1960405267398492475,codrin_sats,141,127,122,1,en,eth,1960405267398492475,0.1779,0.3333333333333333,0.5546616315841675,-4.722687663161196e-06,0.2664725605574594,4513.930139439371,,,,11.429442112818833,14.692550869370187,-3.263108756551354
2025-08-26 18:41:15,"Ethereum Treasuries has been hitting up these past few weeks. 

Companies like Bitmine, sharplink and Blackrock keep stacking $Eth in what seems to be like a race of who becomes the top holder.

Which begs the question: What do they know that we don't?

Only a few hours ago Tom https://t.co/yn6TizbVtp",twitter,https://x.com/Ebubechi_GMI/status/1960412238478520551,Ebubechi_GMI,154,20,17,4,en,eth,1960412238478520551,0.7717,-0.03,0.0,-0.0004492562643463,0.1853126859339134,,,,,11.429442112818833,14.039929118059918,-2.610487005241085
2025-08-26 19:01:00,"The Ethereum/Bitcoin ratio is about to break its 2017 trend.

I‚Äôm expecting an incredible rally ahead ‚Äî with a target between $10,000 and $15,000 for ETH.

Is the next altcoin supercycle about to begin?

$ETH #ETH #Ethereum https://t.co/qS21t33wZQ",twitter,https://x.com/CryptooELITES/status/1960417210268311735,CryptooELITES,177,22,8,1,en,eth,1960417210268311735,0.0,0.45,0.9498947858810424,0.9909661835017688,0.5977152423457028,,,,,11.429442112818833,13.517831717011703,-2.0883896041928693
2025-08-26 20:00:10,"ETH IS SO CLOSE TO $5,000!!

ETH TO $10,000 BY DECEMBER!! https://t.co/aQsWtCTnS2",twitter,https://x.com/3orovik/status/1960432099028054156,3orovik,808,116,91,9,en,eth,1960432099028054156,0.0,0.0,0.7593833804130554,-4.6895329433027655e-06,0.189844672720028,,,,,11.429442112818833,13.10015379617313,-1.6707116833542965
2025-08-26 20:16:54,"ETHEREUM JUST BROKE $4,600 üöÄ https://t.co/ziZs9Xw0Xb",twitter,https://x.com/Ashcryptoreal/status/1960436312558985640,Ashcryptoreal,2520,383,324,15,en,eth,1960436312558985640,-0.5473,0.0,0.5025052428245544,-3.96768127757241e-05,-0.0112086084970553,4591.034165081476,,,,18.877722353615354,14.255667507661576,4.6220548459537785
2025-08-26 20:18:17,"$ETH reclaims $4,600. https://t.co/HFAUaigE9c",twitter,https://x.com/coingecko/status/1960436658324775241,coingecko,2108,350,222,10,en,eth,1960436658324775241,0.0,0.0,0.0,-7.270156493177637e-05,-1.8175391232944094e-05,4591.034165081476,,,,21.22136879161644,15.648807764452549,5.572561027163893
2025-08-26 20:25:54,$ETH ETHEREUM ! https://t.co/5wtrZ5v8QN,twitter,https://x.com/Cryptollica/status/1960438578489778201,Cryptollica,292,39,19,1,en,eth,1960438578489778201,0.0,0.0,0.0,-5.936760499025695e-05,-1.4841901247564238e-05,4591.034165081476,,,,22.815720060231797,17.0821902236084,5.733529836623397
2025-08-26 20:35:30,"If you blinked, you missed it: 
ETH ATH üöÄ Trump $5B deal üè¶ Thailand crypto tourism üå¥ &amp; Kanye‚Äôs $3B memecoin ü§Ø All in under 2:30. üé•

Welcome to the new weekly crypto show. Taking name suggestions below. https://t.co/rx76FnxmKM",twitter,https://x.com/LxKus/status/1960440992777318870,LxKus,117,63,100,0,en,eth,1960440992777318870,0.2023,0.4681818181818182,0.0,0.000447776992587,0.1677323987936013,,,,,22.815720060231797,18.228896190933078,4.586823869298719
2025-08-26 20:40:36,"$BTC was money.
$ETH was computation.
$TAO is intelligence.

If you missed the first two revolutions, you can‚Äôt afford to miss the third.

How to Earn $TAO Daily on X?
üî•üíéüìà 1 $TAO = $371
‚ù§Ô∏è Like = $TAO
üîÅ Repost = $TAO
üí¨ Comment = $TAO

üí∞ 10 $TAO = $3,710
üí∞ 100 $TAO = https://t.co/9q1Ey4QVV4",twitter,https://x.com/AminuCryptoLabs/status/1960442274786976191,AminuCryptoLabs,490,282,200,28,en,eth,1960442274786976191,0.4215,0.0833333333333333,0.0,-2.322043474123348e-05,0.126202528224648,,,,,22.815720060231797,19.146260964792823,3.669459095438974
2025-08-26 20:45:09,"WE'RE BACK! $ETH recovers to $4,600 üí• https://t.co/MACUi42DL0",twitter,https://x.com/DianaSanchez_04/status/1960443419429326984,DianaSanchez_04,1278,185,130,415,en,eth,1960443419429326984,0.0,0.0,0.903128981590271,-0.00049496808424,0.2256585033765077,,,,,22.815720060231797,19.880152783880618,2.935567276351179
2025-08-26 20:55:38,I can‚Äôt believe some brain dead mfers sold their $ETH bags before $10k https://t.co/Ctvc7A4zBU,twitter,https://x.com/blockchainbob/status/1960446058850296141,blockchainbob,50,13,25,0,en,eth,1960446058850296141,-0.6486,-0.2,-0.9072099924087524,-5.162606873909681e-05,-0.4389654046193729,,,,,22.815720060231797,20.467266239150852,2.3484538210809447
2025-08-26 21:05:13,NOT LEAVING MY COMPUTER UNTIL $5K ETH https://t.co/XW8lt4oUbh,twitter,https://x.com/3orovik/status/1960448469774295195,3orovik,351,21,157,9,en,eth,1960448469774295195,0.0,0.0,0.0,-0.000150288155055,-3.75720387637557e-05,4584.746272277941,,,,25.043844163154063,21.382581823951497,3.6612623392025654
2025-08-26 21:12:23,"we are close...

$SOL https://t.co/wHkucwEcbp",twitter,https://x.com/eth_exy/status/1960450276239798292,eth_exy,200,22,48,0,en,eth,1960450276239798292,0.0,0.0,0.7527108788490295,-4.735575402037284e-06,0.1881765358184068,4584.746272277941,,,,24.79619295968132,22.065304051097463,2.7308889085838572
2025-08-26 21:37:20,"Let‚Äôs celebrate 210,000 @bankrbot wallets! Yahooooo! üéâ

Enter to win:
1Ô∏è‚É£ 210,000 $LOVE 
2Ô∏è‚É£ 210,000 $WANKR
3Ô∏è‚É£210,000 $GRASS
(3 winners)

‚úÖ Follow me
‚úÖ Follow @Paint_it_Green4,@shockwaved91117, @grass_on_base
‚úÖ Re Post
‚úÖ Comment: $BNKR $LOVE $GRASS

üì∫üì∫üì∫ https://t.co/JefUyc9EqY",twitter,https://x.com/AlphaXM001/status/1960456553162760592,AlphaXM001,55,41,48,1,en,eth,1960456553162760592,0.8436,0.6,0.9153875708580016,0.0009040205641213,0.5899728978555308,,,,,24.79619295968132,22.611481832814235,2.184711126867086
2025-08-26 21:42:37,"#Ethereum A launch off this volume shelf would launch $BMNR too. 

$ETHUSD https://t.co/Q1vLYlGRyU",twitter,https://x.com/Jake__Wujastyk/status/1960457883218505773,Jake__Wujastyk,287,12,29,2,en,eth,1960457883218505773,0.0,0.0,0.0,-1.6056665117503144e-06,-4.014166279375786e-07,,,,,24.79619295968132,23.048424058187656,1.7477689014936644
2025-08-26 22:06:15,"Hyperliquid to $100

Trading perps on @defidotapp lets you farm 2 airdrops at once

$HOME + $HYPE

Nothing better than a 2 for 1 deal https://t.co/AUIOSB98Kx",twitter,https://x.com/quan_eth/status/1960463830104105469,quan_eth,112,4,91,2,en,eth,1960463830104105469,-0.3412,0.5,0.7583198547363281,0.2993586831616994,0.3041196344745069,4596.292342916886,,,,26.03049606541026,23.644838459632176,2.3856576057780856
2025-08-26 22:30:30,the light will find you. https://t.co/XY8jHgtuZs,twitter,https://x.com/LucaPonsatoArt/status/1960469931805356334,LucaPonsatoArt,348,47,9,0,en,eth,1960469931805356334,0.0,0.4,0.7445081472396851,-0.0002861164830392,0.2860555076891614,4596.292342916886,,,,25.921532724863027,24.100177312678348,1.8213554121846798
2025-08-26 22:43:02,"üìä Category clarity:
BTC = digital gold
ETH = digital compute
$ENERGY = digital power

The Energy Network turns flexible demand into an asset class - metered, rewarded, and composable.
Built on Solana for speed &amp; scale; grounded in real devices and real electrons.
Utility before https://t.co/N1dmcnjKRT",twitter,https://x.com/kikipoonk/status/1960473085594763372,kikipoonk,564,231,80,1,en,eth,1960473085594763372,0.872,0.08,0.0,2.1684105718122737e-05,0.2380054210264295,,,,,25.921532724863027,24.464448395115287,1.4570843297477403
2025-08-26 22:45:40,"This is a $ETH chart relative to $QQQ. Notice that it has broken two major resistance trendlines dating back to 2021.

Now let's see if it can follow through with a second wind push of this major breakout into $5k and beyond. https://t.co/PrJFN6dKJA",twitter,https://x.com/Mr_Derivatives/status/1960473748093730832,Mr_Derivatives,135,13,19,1,en,eth,1960473748093730832,-0.4767,-0.0458333333333333,0.0,-1.2014379535685291e-06,-0.1306336336928217,,,,,25.921532724863027,24.755865261064837,1.16566746379819
2025-08-26 23:04:24,"üö®  Pushing Weight üèòüèòÔ∏è.

Sixteen billion dollars has been moved in eight months on @defidotapp .

Retail is coming next.

Seven hundred million traders are still parked on CEX and the gate is about to open.

DefiApp mobile is the unlock. 

Every trade feeds the flywheel.

Eighty https://t.co/JmgsLrV1CR",twitter,https://x.com/Cryptking_1/status/1960478463216804039,Cryptking_1,116,3,76,8,en,eth,1960478463216804039,0.0,0.0,0.0,3.726519707925036e-06,9.316299269812588e-07,,,,,25.921532724863027,24.98899875382448,0.9325339710385485
2025-08-26 23:12:59,"BREAKING: üö® 

BLACKROCK JUST PURCHASED 66,000 $ETH FOR $293 MILLION üî• https://t.co/AIJN4LILua",twitter,https://x.com/Investments_CEO/status/1960480623090426203,Investments_CEO,303,64,36,0,en,eth,1960480623090426203,0.0,0.0,0.0,-1.934355623234296e-06,-4.835889058085741e-07,4595.629541989182,,,,26.14386604428819,25.219972211917224,0.9238938323709647
2025-08-26 23:34:54,"Quick mini WL giveaway before the grand finaleüìú

[10 spots for some lucky degens üéâ]

-Drop your ETH address
-Repost + tag 2 fellow degens
-Follow

30 minutes ‚è≥ https://t.co/9Nnb4LKZM1",twitter,https://x.com/ElderDegensNFT/status/1960486140315906408,ElderDegensNFT,106,73,85,0,en,eth,1960486140315906408,0.5719,0.3888888888888888,0.0,1.0060011845780537e-07,0.2401972473722518,4595.629541989182,,,,25.35061841319566,25.246101452172912,0.10451696102274965
